"league_id",77,100,11,3,88293,"III.2",709240,"Eagle Owls",673157361,167,71,58,51,14,70,67,68,29060,85,92780,88,440,78,310,86,2821.6521739130435,69,0,14,0,14,598,82
"division_level",77,100,11,3,88293,"III.2",709240,"Eagle Owls",673157361,167,31,58,16,14,33,67,29,29060,38,92780,39,440,34,310,40,2821.6521739130435,30,0,10,0,10,598,36
"league_id",77,100,11,2,88261,"II.2",709242,"Hotspurs",673157138,409,6,92,20,48,2,173,10,1960070,6,6333960,1,1035,5,855,6,3073.548387096774,34,0,15,0,15,1014,5
"division_level",77,100,11,2,88261,"II.2",709242,"Hotspurs",673157138,409,2,92,11,48,1,173,5,1960070,4,6333960,0,1035,1,855,1,3073.548387096774,12,0,2,0,2,1014,2
"league_id",77,100,11,3,88293,"III.2",709288,"Kisashi FC",673157362,139,85,44,78,12,82,59,82,20190,95,90860,90,480,71,360,73,2562.695652173913,91,0,16,0,16,520,97
"division_level",77,100,11,3,88293,"III.2",709288,"Kisashi FC",673157362,139,38,44,32,12,39,59,38,20190,45,90860,41,480,30,360,30,2562.695652173913,44,0,11,0,11,520,47
"league_id",77,100,11,3,88298,"III.7",709289,"Choripan Bailable FC",673157640,206,54,54,61,19,47,95,45,150410,57,512620,54,560,56,420,61,2987.28,43,4,0,1,0,718,57
"division_level",77,100,11,3,88298,"III.7",709289,"Choripan Bailable FC",673157640,206,19,54,22,19,16,95,16,150410,19,512620,16,560,20,420,24,2987.28,17,4,0,1,0,718,20
"league_id",77,100,11,3,88303,"III.12",709294,"Dominicos Salvadoreño",673157923,127,94,34,90,20,38,33,96,87830,63,151100,73,395,87,325,81,2812.0714285714284,71,0,17,0,17,595,83
"division_level",77,100,11,3,88303,"III.12",709294,"Dominicos Salvadoreño",673157923,127,46,34,42,20,7,33,48,87830,24,151100,29,395,40,325,36,2812.0714285714284,32,0,12,0,12,595,37
"league_id",77,100,11,3,88299,"III.8",709298,"Itzcuauhtli",673157698,220,45,36,87,11,85,151,23,310280,45,794160,46,590,49,465,49,3056.423076923077,39,0,18,0,18,753,49
"division_level",77,100,11,3,88299,"III.8",709298,"Itzcuauhtli",673157698,220,12,36,40,11,42,151,5,310280,10,794160,12,590,14,465,17,3056.423076923077,15,0,13,0,13,753,14
"league_id",77,100,11,2,88262,"II.3",709300,"CapitanPiluso",673157194,445,2,137,5,53,1,149,25,2863840,1,4888440,7,1045,3,880,5,3353.2,17,0,19,0,19,999,9
"division_level",77,100,11,2,88262,"II.3",709300,"CapitanPiluso",673157194,445,0,137,1,53,0,149,12,2863840,0,4888440,4,1045,0,880,0,3353.2,5,0,3,0,3,999,4
"league_id",77,100,11,2,88261,"II.2",709530,"WPS",673157138,404,7,155,2,44,3,117,34,2182710,5,4467260,10,990,11,835,7,2903.375,55,0,20,0,20,992,11
"division_level",77,100,11,2,88261,"II.2",709530,"WPS",673157138,404,3,155,0,44,2,117,17,2182710,3,4467260,7,990,6,835,2,2903.375,21,0,4,0,4,992,6
"league_id",77,100,11,1,88256,"Liga Mayor",709535,"The King in the North.",673157023,482,1,133,6,55,0,184,5,2917670,0,5482660,4,1090,2,1015,2,3525.85,12,0,21,0,21,1095,2
"division_level",77,100,11,1,88256,"Liga Mayor",709535,"The King in the North.",673157023,482,1,133,4,55,0,184,1,2917670,0,5482660,1,1090,2,1015,2,3525.85,1,0,0,0,0,1095,2
"league_id",77,100,11,3,88298,"III.7",709536,"Rocket Raccoon",673157644,172,67,62,45,18,52,56,86,84560,65,226840,65,535,61,390,67,2824.714285714286,68,2,3,1,1,665,68
"division_level",77,100,11,3,88298,"III.7",709536,"Rocket Raccoon",673157644,172,29,62,12,18,19,56,41,84560,26,226840,24,535,23,390,27,2824.714285714286,29,2,3,1,1,665,27
"league_id",77,100,11,2,88263,"II.4",709542,"C.D. UES",673157247,144,82,76,27,7,95,47,90,820270,28,2128040,27,450,75,335,78,3091.705882352941,31,0,22,0,22,828,32
"division_level",77,100,11,2,88263,"II.4",709542,"C.D. UES",673157247,144,27,76,16,7,29,47,28,820270,19,2128040,19,450,27,335,28,3091.705882352941,10,0,5,0,5,828,22
"league_id",77,100,11,2,88263,"II.4",709545,"Pitters BVB 2013",673157249,322,22,98,15,11,86,191,3,627180,31,1257520,39,800,24,685,23,2541.9375,93,0,23,0,23,938,21
"division_level",77,100,11,2,88263,"II.4",709545,"Pitters BVB 2013",673157249,322,15,98,7,11,28,191,2,627180,21,1257520,23,800,16,685,15,2541.9375,29,0,6,0,6,938,14
"league_id",77,100,11,3,88303,"III.12",709557,"ZVZIO",673157921,139,86,52,65,20,39,27,98,583700,33,1351860,35,430,82,350,77,4663.96,1,0,24,0,24,592,85
"division_level",77,100,11,3,88303,"III.12",709557,"ZVZIO",673157921,139,39,52,25,20,8,27,49,583700,3,1351860,6,430,37,350,33,4663.96,0,0,14,0,14,592,38
"league_id",77,100,11,2,88260,"II.1",709561,"Peña Cadista Mágico González",673157083,331,21,42,82,22,32,223,0,1079700,22,3975760,15,815,23,655,26,3124.45,28,0,25,0,25,945,19
"division_level",77,100,11,2,88260,"II.1",709561,"Peña Cadista Mágico González",673157083,331,14,42,29,22,21,223,0,1079700,14,3975760,10,815,15,655,17,3124.45,8,0,7,0,7,945,12
"league_id",77,100,11,1,88256,"Liga Mayor",709577,"La Vieja Escuela !",673157026,413,4,196,0,30,17,127,32,1534210,15,4172980,12,1335,0,1230,0,3459.2903225806454,13,0,26,0,26,1137,1
"division_level",77,100,11,1,88256,"Liga Mayor",709577,"La Vieja Escuela !",673157026,413,2,196,0,30,5,127,7,1534210,6,4172980,4,1335,0,1230,0,3459.2903225806454,2,0,1,0,1,1137,1
"league_id",77,100,11,2,88260,"II.1",709593,"Viva Zapata!",673157081,334,20,73,29,30,18,171,13,1461190,16,3628300,19,885,18,780,14,2647.5333333333333,88,0,27,0,27,979,15
"division_level",77,100,11,2,88260,"II.1",709593,"Viva Zapata!",673157081,334,13,73,18,30,12,171,8,1461190,9,3628300,11,885,10,780,8,2647.5333333333333,27,0,8,0,8,979,8
"league_id",77,100,11,2,88262,"II.3",709596,"Isla Papaya",673157195,212,49,53,63,33,14,60,79,161880,56,328900,60,555,57,440,51,2560.521739130435,92,0,28,0,28,746,51
"division_level",77,100,11,2,88262,"II.3",709596,"Isla Papaya",673157195,212,26,53,26,33,11,60,26,161880,29,328900,29,555,26,440,24,2560.521739130435,28,0,9,0,9,746,28
"league_id",77,100,11,3,88297,"III.6",709598,"EF Cristo Rey",673157588,201,55,60,49,27,24,60,80,429750,40,739760,47,570,55,435,55,2898.102564102564,58,0,29,0,29,729,55
"division_level",77,100,11,3,88297,"III.6",709598,"EF Cristo Rey",673157588,201,20,60,15,27,1,60,37,429750,7,739760,13,570,19,435,19,2898.102564102564,24,0,15,0,15,729,18
"league_id",77,100,11,2,88262,"II.3",709614,"Deportivo Bononia",673157194,390,10,120,10,41,8,147,26,1707580,12,4011260,14,1025,6,800,12,3090.7916666666665,32,1,7,1,2,1023,4
"division_level",77,100,11,2,88262,"II.3",709614,"Deportivo Bononia",673157194,390,4,120,4,41,6,147,13,1707580,7,4011260,9,1025,2,800,7,3090.7916666666665,11,1,1,1,0,1023,1
"league_id",77,100,11,3,88302,"III.11",709617,"Alexiana Radauti",673157862,216,47,69,34,17,59,96,44,449650,38,1866480,29,635,41,445,50,3725.0833333333335,7,0,30,0,30,776,43
"division_level",77,100,11,3,88302,"III.11",709617,"Alexiana Radauti",673157862,216,14,69,4,17,24,96,15,449650,6,1866480,2,635,9,445,18,3725.0833333333335,2,0,16,0,16,776,9
"league_id",77,100,11,3,88300,"III.9",709620,"San Judas F.C.",673157756,258,31,54,62,20,40,144,27,547420,35,1724900,30,660,37,520,41,3589.5789473684213,10,0,31,0,31,802,37
"division_level",77,100,11,3,88300,"III.9",709620,"San Judas F.C.",673157756,258,4,54,23,20,9,144,6,547420,4,1724900,3,660,6,520,9,3589.5789473684213,4,0,17,0,17,802,5
"league_id",77,100,11,2,88262,"II.3",709623,"Desperados Amigos",673157195,71,99,3,99,2,99,62,75,224710,50,897320,44,145,97,120,97,2513.871794871795,94,0,32,0,32,691,61
"division_level",77,100,11,2,88262,"II.3",709623,"Desperados Amigos",673157195,71,30,3,30,2,30,62,25,224710,28,897320,26,145,30,120,30,2513.871794871795,30,0,10,0,10,691,29
"league_id",77,100,11,3,88292,"III.1",709625,"Wn Team",673157307,139,87,56,56,11,87,50,89,35670,81,114100,78,400,86,315,85,3125.0714285714284,27,0,33,0,33,674,64
"division_level",77,100,11,3,88292,"III.1",709625,"Wn Team",673157307,139,40,56,20,11,43,50,43,35670,34,114100,32,400,39,315,39,3125.0714285714284,10,0,18,0,18,674,24
"league_id",77,100,11,3,88297,"III.6",709630,"La Kotz F.C",673157586,209,52,66,39,15,65,98,41,106430,61,376240,58,540,60,435,56,3066.095238095238,35,0,34,0,34,727,56
"division_level",77,100,11,3,88297,"III.6",709630,"La Kotz F.C",673157586,209,17,66,8,15,28,98,12,106430,23,376240,20,540,22,435,20,3066.095238095238,12,0,19,0,19,727,19
"league_id",77,100,11,3,88292,"III.1",709636,"La cima del sabor",673157305,128,93,38,86,15,66,45,92,20880,93,77100,95,380,90,295,88,2889,59,2,4,1,3,546,95
"division_level",77,100,11,3,88292,"III.1",709636,"La cima del sabor",673157305,128,45,38,39,15,29,45,45,20880,44,77100,44,380,42,295,41,2889,25,2,4,1,2,546,46
"league_id",77,100,11,2,88260,"II.1",709648,"ROTIV UTD",673157081,417,3,124,9,43,6,164,18,2386050,3,5657220,3,1015,8,830,8,3099.6,29,0,35,0,35,999,10
"division_level",77,100,11,2,88260,"II.1",709648,"ROTIV UTD",673157081,417,1,124,3,43,4,164,10,2386050,2,5657220,2,1015,4,830,3,3099.6,9,0,11,0,11,999,5
"league_id",77,100,11,3,88292,"III.1",709654,"Los Pipiris",673157306,235,40,108,14,19,48,70,65,292210,47,397580,57,590,50,430,57,3633.9,9,0,36,0,36,771,46
"division_level",77,100,11,3,88292,"III.1",709654,"Los Pipiris",673157306,235,9,108,0,19,17,70,28,292210,12,397580,19,590,15,430,21,3633.9,3,0,20,0,20,771,11
"league_id",77,100,11,1,88256,"Liga Mayor",1903764,"Rocco's Club",673157027,485,0,175,1,39,10,193,2,1609240,13,4292540,11,1190,1,1030,1,3742.24,6,0,37,0,37,1155,0
"division_level",77,100,11,1,88256,"Liga Mayor",1903764,"Rocco's Club",673157027,485,0,175,1,39,2,193,0,1609240,5,4292540,3,1190,1,1030,1,3742.24,0,0,2,0,2,1155,0
"league_id",77,100,11,2,88263,"II.4",1903770,"Greñudos Locos",673157250,386,11,112,13,44,4,142,28,2560720,2,4816060,8,1025,7,780,15,3201.6923076923076,24,2,5,1,4,1028,3
"division_level",77,100,11,2,88263,"II.4",1903770,"Greñudos Locos",673157250,386,5,112,6,44,3,142,14,2560720,1,4816060,5,1025,3,780,9,3201.6923076923076,7,2,0,1,1,1028,0
"league_id",77,100,11,1,88256,"Liga Mayor",1903778,"AHAB FC",673157027,357,15,119,11,19,49,181,8,1737470,11,4928560,6,910,16,735,21,3075.2,33,0,38,0,38,980,14
"division_level",77,100,11,1,88256,"Liga Mayor",1903778,"AHAB FC",673157027,357,6,119,6,19,6,181,3,1737470,4,4928560,2,910,6,735,6,3075.2,6,0,3,0,3,980,6
"league_id",77,100,11,3,88306,"III.15",1903779,"Panteras, F.C.",673158090,234,41,71,32,20,41,103,39,290760,48,1304720,37,605,45,490,45,3058.269230769231,38,0,39,0,39,801,38
"division_level",77,100,11,3,88306,"III.15",1903779,"Panteras, F.C.",673158090,234,10,71,3,20,10,103,11,290760,13,1304720,7,605,12,490,13,3058.269230769231,14,0,21,0,21,801,6
"league_id",77,100,11,4,238793,"IV.3",1903780,"Palomaticos F.C.",673158314,154,77,55,57,13,74,60,81,54280,71,168860,71,475,72,395,66,2767.4864864864867,75,0,40,0,40,642,76
"division_level",77,100,11,4,238793,"IV.3",1903780,"Palomaticos F.C.",673158314,154,7,55,4,13,4,60,8,54280,3,168860,4,475,6,395,4,2767.4864864864867,8,0,2,0,2,642,6
"league_id",77,100,11,4,238791,"IV.1",1903781,"Forgiven FC",673158201,147,80,50,68,9,93,70,66,20590,94,88400,91,405,85,305,87,2673.9166666666665,85,0,41,0,41,577,88
"division_level",77,100,11,4,238791,"IV.1",1903781,"Forgiven FC",673158201,147,8,50,8,9,8,70,4,20590,10,88400,10,405,9,305,9,2673.9166666666665,10,0,3,0,3,577,9
"league_id",77,100,11,4,238791,"IV.1",1903784,"Em Dezembro de 81",673158202,169,69,72,30,13,75,58,85,39470,75,108800,81,495,68,405,64,2806.3636363636365,72,1,8,1,5,669,67
"division_level",77,100,11,4,238791,"IV.1",1903784,"Em Dezembro de 81",673158202,169,3,72,1,13,5,58,9,39470,6,108800,8,495,5,405,2,2806.3636363636365,7,1,1,1,0,669,2
"league_id",77,100,11,4,238793,"IV.3",1903795,"Perezosos Gigantes",673158314,190,58,77,25,17,60,62,76,66820,68,133120,76,660,38,555,34,2873.296296296296,62,0,42,0,42,707,59
"division_level",77,100,11,4,238793,"IV.3",1903795,"Perezosos Gigantes",673158314,190,2,77,0,17,2,62,7,66820,2,133120,6,660,0,555,0,2873.296296296296,5,0,4,0,4,707,0
"league_id",77,100,11,3,88294,"III.3",1903802,"Equipo Schreif",673157419,139,88,29,96,12,83,74,61,35800,79,134000,75,395,88,270,91,2687.7741935483873,84,0,43,0,43,573,89
"division_level",77,100,11,3,88294,"III.3",1903802,"Equipo Schreif",673157419,139,41,29,48,12,40,74,27,35800,32,134000,31,395,41,270,43,2687.7741935483873,40,0,22,0,22,573,41
"league_id",77,100,11,2,88261,"II.2",1903803,"MnM masters",673157136,275,28,55,58,16,63,172,11,1250440,19,5371600,5,705,32,575,29,2756.269230769231,76,0,44,0,44,837,31
"division_level",77,100,11,2,88261,"II.2",1903803,"MnM masters",673157136,275,19,55,25,16,26,172,6,1250440,11,5371600,3,705,21,575,19,2756.269230769231,25,0,12,0,12,837,21
"league_id",77,100,11,3,88292,"III.1",1903812,"Merliot FC",673157306,164,72,26,98,20,42,78,57,21430,92,76300,96,0,98,0,98,2872.157894736842,63,0,45,0,45,0,99
"division_level",77,100,11,3,88292,"III.1",1903812,"Merliot FC",673157306,164,32,26,49,20,11,78,23,21430,43,76300,45,0,48,0,48,2872.157894736842,27,0,23,0,23,0,48
"league_id",77,100,11,3,88301,"III.10",1903821,"The Suburb of La Libertad",673157810,308,23,83,23,20,43,165,16,936100,25,1875520,28,590,51,530,38,2496.1111111111113,98,0,46,0,46,838,30
"division_level",77,100,11,3,88301,"III.10",1903821,"The Suburb of La Libertad",673157810,308,0,83,2,20,12,165,3,936100,1,1875520,1,590,16,530,6,2496.1111111111113,47,0,24,0,24,838,2
"league_id",77,100,11,1,88256,"Liga Mayor",1903823,"Tomis III",673157025,391,9,142,4,32,15,153,21,2385750,4,7690460,0,975,13,760,18,3218.56,20,0,47,0,47,988,12
"division_level",77,100,11,1,88256,"Liga Mayor",1903823,"Tomis III",673157025,391,5,142,3,32,3,153,5,2385750,1,7690460,0,975,4,760,5,3218.56,3,0,4,0,4,988,5
"league_id",77,100,11,3,88302,"III.11",1903826,"Deportivo Sacsayhuamán",673157866,239,38,47,72,8,94,168,14,395160,42,796420,45,620,43,490,46,2595.923076923077,90,0,48,0,48,775,45
"division_level",77,100,11,3,88302,"III.11",1903826,"Deportivo Sacsayhuamán",673157866,239,8,47,27,8,48,168,1,395160,8,796420,11,620,11,490,14,2595.923076923077,43,0,25,0,25,775,10
"league_id",77,100,11,3,88301,"III.10",1903829,"Los Kangry",673157807,164,73,53,64,15,67,66,69,35570,82,92200,89,470,73,355,75,3204.409090909091,23,0,49,0,49,654,74
"division_level",77,100,11,3,88301,"III.10",1903829,"Los Kangry",673157807,164,33,53,24,15,30,66,30,35570,35,92200,40,470,31,355,31,3204.409090909091,8,0,26,0,26,654,31
"league_id",77,100,11,2,88263,"II.4",1903832,"Escuela de Magicos",673157249,226,43,58,52,21,34,105,37,405600,41,642540,51,595,47,440,52,3586.7714285714287,11,0,50,0,50,801,39
"division_level",77,100,11,2,88263,"II.4",1903832,"Escuela de Magicos",673157249,226,24,58,24,21,23,105,18,405600,26,642540,28,595,24,440,25,3586.7714285714287,3,0,13,0,13,801,25
"league_id",77,100,11,2,88260,"II.1",1903841,"BSC Young Boys International",673157084,289,24,119,12,22,33,104,38,1080160,21,2880260,24,870,22,815,9,3064.1612903225805,36,0,51,0,51,919,24
"division_level",77,100,11,2,88260,"II.1",1903841,"BSC Young Boys International",673157084,289,16,119,5,22,22,104,19,1080160,13,2880260,16,870,14,815,4,3064.1612903225805,13,0,14,0,14,919,17
"league_id",77,100,11,1,88256,"Liga Mayor",1903842,"merino's italy",673157023,404,8,147,3,32,16,161,19,1915260,7,3781000,18,1045,4,965,3,3125.2105263157896,26,0,52,0,52,1013,6
"division_level",77,100,11,1,88256,"Liga Mayor",1903842,"merino's italy",673157023,404,4,147,2,32,4,161,4,1915260,2,3781000,6,1045,3,965,3,3125.2105263157896,5,0,5,0,5,1013,3
"league_id",77,100,11,2,88261,"II.2",1903843,"catogdichi at",673157139,239,39,72,31,24,27,95,46,564020,34,1323360,36,680,34,535,37,3320.4761904761904,19,0,53,0,53,822,34
"division_level",77,100,11,2,88261,"II.2",1903843,"catogdichi at",673157139,239,22,72,19,24,18,95,21,564020,23,1323360,22,680,22,535,23,3320.4761904761904,6,0,15,0,15,822,23
"league_id",77,100,11,2,88260,"II.1",1903845,"FC Pipil",673157083,371,13,96,17,40,9,155,20,1203610,20,2931820,22,905,17,755,20,2974,45,0,54,0,54,975,17
"division_level",77,100,11,2,88260,"II.1",1903845,"FC Pipil",673157083,371,7,96,9,40,7,155,11,1203610,12,2931820,14,905,9,755,13,2974,16,0,16,0,16,975,10
"league_id",77,100,11,2,88260,"II.1",1903856,"Club Deportivo Zúrich",673157084,352,17,86,21,43,7,137,31,1539970,14,2902300,23,875,20,760,19,3782.810810810811,5,0,55,0,55,1006,8
"division_level",77,100,11,2,88260,"II.1",1903856,"Club Deportivo Zúrich",673157084,352,10,86,12,43,5,137,16,1539970,8,2902300,15,875,12,760,12,3782.810810810811,1,0,17,0,17,1006,3
"league_id",77,100,11,3,88301,"III.10",1903861,"Black Eagle FC.",673157808,159,75,49,69,11,88,77,59,25070,89,95880,87,435,80,330,79,2672.36,86,0,56,0,56,582,87
"division_level",77,100,11,3,88301,"III.10",1903861,"Black Eagle FC.",673157808,159,34,49,26,11,44,77,25,25070,41,95880,38,435,36,330,34,2672.36,41,0,27,0,27,582,40
"league_id",77,100,11,3,88297,"III.6",1903866,"Mágico FC SV",673157586,170,68,55,59,13,76,76,60,39040,76,205520,67,485,70,415,62,3210.923076923077,22,3,1,1,6,672,66
"division_level",77,100,11,3,88297,"III.6",1903866,"Mágico FC SV",673157586,170,30,55,21,13,36,76,26,39040,30,205520,26,485,29,415,25,3210.923076923077,7,3,1,1,3,672,26
"league_id",77,100,11,4,238791,"IV.1",1903875,"Santo Domingo Savio La Libertad",673158201,194,56,68,37,18,53,72,63,50600,73,204020,68,580,53,375,69,3330.8888888888887,18,0,57,0,57,689,62
"division_level",77,100,11,4,238791,"IV.1",1903875,"Santo Domingo Savio La Libertad",673158201,194,0,68,2,18,1,72,2,50600,5,204020,3,580,1,375,5,3330.8888888888887,2,0,5,0,5,689,1
"league_id",77,100,11,2,88262,"II.3",1903888,"SALVADOR NEX. F. C.",673157193,255,32,94,18,24,28,89,50,434550,39,692300,49,670,35,540,36,2865.9310344827586,64,0,58,0,58,798,40
"division_level",77,100,11,2,88262,"II.3",1903888,"SALVADOR NEX. F. C.",673157193,255,20,94,10,24,19,89,23,434550,25,692300,27,670,23,540,22,2865.9310344827586,23,0,18,0,18,798,26
"league_id",77,100,11,2,88263,"II.4",1903890,"contra la contra",673157250,255,33,85,22,39,11,53,87,1285200,18,5706300,2,715,31,565,31,2888.6875,60,0,59,0,59,906,25
"division_level",77,100,11,2,88263,"II.4",1903890,"contra la contra",673157250,255,21,85,13,39,8,53,27,1285200,10,5706300,1,715,20,565,20,2888.6875,22,0,19,0,19,906,18
"league_id",77,100,11,4,238791,"IV.1",1903899,"TioGerman",673158200,192,57,61,47,21,35,68,67,36450,78,117720,77,545,59,440,53,2990.3076923076924,42,2,6,1,7,661,69
"division_level",77,100,11,4,238791,"IV.1",1903899,"TioGerman",673158200,192,1,61,3,21,0,68,5,36450,7,117720,7,545,2,440,1,2990.3076923076924,3,2,0,1,1,661,3
"league_id",77,100,11,2,88263,"II.4",1903923,"Real Gnoccofritto",673157247,338,19,79,24,29,19,172,12,1852310,8,4039720,13,885,19,780,16,2944.4583333333335,51,0,60,0,60,939,20
"division_level",77,100,11,2,88263,"II.4",1903923,"Real Gnoccofritto",673157247,338,12,79,14,29,13,172,7,1852310,5,4039720,8,885,11,780,10,2944.4583333333335,19,0,20,0,20,939,13
"league_id",77,100,11,4,238792,"IV.2",1903930,"Exquemas",673158257,144,83,51,67,7,96,72,64,26470,87,107540,82,435,81,325,82,2664.6785714285716,87,0,61,0,61,595,84
"division_level",77,100,11,4,238792,"IV.2",1903930,"Exquemas",673158257,144,9,51,7,7,9,72,3,26470,8,107540,9,435,8,325,8,2664.6785714285716,11,0,6,0,6,595,8
"league_id",77,100,11,3,88305,"III.14",1903939,"Deda",673158035,264,30,58,53,18,54,152,22,1393590,17,3898980,17,1015,9,890,4,3458.925,14,1,9,1,8,887,26
"division_level",77,100,11,3,88305,"III.14",1903939,"Deda",673158035,264,3,58,17,18,20,152,4,1393590,0,3898980,0,1015,0,890,0,3458.925,5,1,5,1,4,887,0
"league_id",77,100,11,4,238797,"IV.7",1903948,"Collas F.C.",673158538,159,76,52,66,14,71,65,72,53090,72,164660,72,505,65,375,70,2827.8888888888887,67,0,62,0,62,659,70
"division_level",77,100,11,4,238797,"IV.7",1903948,"Collas F.C.",673158538,159,6,52,6,14,3,65,6,53090,4,164660,5,505,4,375,6,2827.8888888888887,6,0,7,0,7,659,4
"league_id",77,100,11,2,88260,"II.1",1903954,"Black Sharks Salvador",673157080,376,12,128,7,36,12,140,30,1791640,10,4613040,9,980,12,805,11,2977.0434782608695,44,0,63,0,63,978,16
"division_level",77,100,11,2,88260,"II.1",1903954,"Black Sharks Salvador",673157080,376,6,128,2,36,9,140,15,1791640,6,4613040,6,980,7,805,6,2977.0434782608695,15,0,21,0,21,978,9
"league_id",77,100,11,4,238830,"IV.40",1903963,"Everest",673160386,72,98,28,97,7,97,23,99,68420,67,533700,53,235,96,155,96,4206.578947368421,2,0,64,0,64,543,96
"division_level",77,100,11,4,238830,"IV.40",1903963,"Everest",673160386,72,10,28,10,7,10,23,10,68420,1,533700,0,235,10,155,10,4206.578947368421,1,0,8,0,8,543,10
"league_id",77,100,11,2,88261,"II.2",1903971,"Denville Devils",673157136,358,14,74,28,29,20,197,1,1065810,23,3536340,20,935,15,770,17,2959.304347826087,48,0,65,0,65,956,18
"division_level",77,100,11,2,88261,"II.2",1903971,"Denville Devils",673157136,358,8,74,17,29,14,197,1,1065810,15,3536340,12,935,8,770,11,2959.304347826087,17,0,22,0,22,956,11
"league_id",77,100,11,3,88303,"III.12",1903972,"Fuji FC",673157922,121,95,40,84,5,98,66,70,25060,90,106700,83,340,93,255,93,2507.8518518518517,95,0,66,0,66,561,90
"division_level",77,100,11,3,88303,"III.12",1903972,"Fuji FC",673157922,121,47,40,37,5,49,66,31,25060,42,106700,34,340,45,255,45,2507.8518518518517,45,0,28,0,28,561,42
"league_id",77,100,11,3,88302,"III.11",1903979,"F.C. Santa Gabriela",673157865,180,64,35,89,21,36,82,53,36640,77,103480,84,440,79,320,84,2817.294117647059,70,0,67,0,67,658,71
"division_level",77,100,11,3,88302,"III.11",1903979,"F.C. Santa Gabriela",673157865,180,26,35,41,21,5,82,21,36640,31,103480,35,440,35,320,38,2817.294117647059,31,0,29,0,29,658,28
"league_id",77,100,11,3,88293,"III.2",1903980,"Nw Team",673157363,135,90,30,94,20,44,45,93,71550,66,169820,70,350,92,245,95,2497.206896551724,97,0,68,0,68,658,72
"division_level",77,100,11,3,88293,"III.2",1903980,"Nw Team",673157363,135,43,30,46,20,13,45,46,71550,27,169820,28,350,44,245,47,2497.206896551724,46,0,30,0,30,658,29
"league_id",77,100,11,4,238791,"IV.1",1903982,"Black Hunt",673158200,168,70,55,60,13,77,74,62,22790,91,86460,93,515,64,400,65,2726.5652173913045,80,0,69,0,69,608,80
"division_level",77,100,11,4,238791,"IV.1",1903982,"Black Hunt",673158200,168,4,55,5,13,6,74,1,22790,9,86460,11,515,3,400,3,2726.5652173913045,9,0,9,0,9,608,7
"league_id",77,100,11,1,88256,"Liga Mayor",1903984,"Turbokickers Zacatecoluca",673157025,411,5,128,8,44,5,151,24,1814580,9,3919840,16,945,14,785,13,3214.4242424242425,21,0,70,0,70,1010,7
"division_level",77,100,11,1,88256,"Liga Mayor",1903984,"Turbokickers Zacatecoluca",673157025,411,3,128,5,44,1,151,6,1814580,3,3919840,5,945,5,785,4,3214.4242424242425,4,0,6,0,6,1010,4
"league_id",77,100,11,3,88296,"III.5",1904032,"Aragoneses por el mundo",673157530,152,79,47,73,13,78,66,71,34000,83,87240,92,445,76,355,76,2794.9,73,0,71,0,71,642,77
"division_level",77,100,11,3,88296,"III.5",1904032,"Aragoneses por el mundo",673157530,152,36,47,28,13,37,66,32,34000,36,87240,42,445,32,355,32,2794.9,33,0,31,0,31,642,32
"league_id",77,100,11,3,88300,"III.9",1904036,"AC Urrigkais",673157753,153,78,30,95,11,89,90,49,25370,88,97700,86,445,77,330,80,2745.6666666666665,78,1,10,1,9,592,86
"division_level",77,100,11,3,88300,"III.9",1904036,"AC Urrigkais",673157753,153,35,30,47,11,45,90,18,25370,40,97700,37,445,33,330,35,2745.6666666666665,36,1,6,1,5,592,39
"league_id",77,100,11,3,88296,"III.5",1904039,"SpaniardSV",673157530,254,34,45,75,14,72,167,15,149750,58,336540,59,605,46,525,39,2719.090909090909,81,0,72,0,72,803,36
"division_level",77,100,11,3,88296,"III.5",1904039,"SpaniardSV",673157530,254,5,45,30,14,34,167,2,149750,20,336540,21,605,13,525,7,2719.090909090909,38,0,32,0,32,803,4
"league_id",77,100,11,4,238793,"IV.3",1904045,"Chispitas F.C.",673158313,164,74,45,76,13,79,80,54,106320,62,251960,64,470,74,370,72,2958.1304347826085,49,0,73,0,73,652,75
"division_level",77,100,11,4,238793,"IV.3",1904045,"Chispitas F.C.",673158313,164,5,45,9,13,7,80,0,106320,0,251960,2,470,7,370,7,2958.1304347826085,4,0,10,0,10,652,5
"league_id",77,100,11,2,88261,"II.2",1904047,"Uruguayo-cazador F.C.",673157137,344,18,77,26,28,22,183,6,1034430,24,3439200,21,875,21,705,22,2931.16,52,0,74,0,74,925,22
"division_level",77,100,11,2,88261,"II.2",1904047,"Uruguayo-cazador F.C.",673157137,344,11,77,15,28,16,183,4,1034430,16,3439200,13,875,13,705,14,2931.16,20,0,23,0,23,925,15
"league_id",77,100,11,3,88306,"III.15",1904048,"Atom Eagles",673158089,246,37,45,77,20,45,141,29,217300,51,436780,56,640,39,560,33,2965.8275862068967,46,0,75,0,75,785,42
"division_level",77,100,11,3,88306,"III.15",1904048,"Atom Eagles",673158089,246,7,45,31,20,14,141,7,217300,15,436780,18,640,7,560,5,2965.8275862068967,18,0,33,0,33,785,8
"league_id",77,100,11,3,88293,"III.2",1904064,"C.B.Bolivar",673157362,132,92,43,81,12,84,53,88,18350,99,74700,99,0,99,0,99,2888.3684210526317,61,0,76,0,76,0,100
"division_level",77,100,11,3,88293,"III.2",1904064,"C.B.Bolivar",673157362,132,44,43,35,12,41,53,42,18350,49,74700,48,0,49,0,49,2888.3684210526317,26,0,34,0,34,0,49
"league_id",77,100,11,3,88294,"III.3",1904066,"Salvadori Vakbuzgó Tengericsillagok",673157419,247,36,61,48,23,30,117,35,308920,46,1029160,42,720,30,565,32,3060.9032258064517,37,0,77,0,77,760,47
"division_level",77,100,11,3,88294,"III.3",1904066,"Salvadori Vakbuzgó Tengericsillagok",673157419,247,6,61,14,23,4,117,9,308920,11,1029160,9,720,3,565,4,3060.9032258064517,13,0,35,0,35,760,12
"league_id",77,100,11,3,88295,"III.4",1904068,"Atlético Suiza",673157475,183,62,62,46,20,46,61,78,691170,29,1015620,43,630,42,475,47,2461.6666666666665,100,1,11,1,10,730,54
"division_level",77,100,11,3,88295,"III.4",1904068,"Atlético Suiza",673157475,183,24,62,13,20,15,61,36,691170,2,1015620,10,630,10,475,15,2461.6666666666665,49,1,7,1,6,730,17
"league_id",77,100,11,3,88295,"III.4",1904076,"El Avechucho centroamericano",673157474,183,63,41,83,15,68,97,42,61090,69,134700,74,550,58,430,58,2731.6666666666665,79,1,12,1,11,617,79
"division_level",77,100,11,3,88295,"III.4",1904076,"El Avechucho centroamericano",673157474,183,25,41,36,15,31,97,13,61090,28,134700,30,550,21,430,22,2731.6666666666665,37,1,8,1,7,617,34
"league_id",77,100,11,2,88263,"II.4",1904083,"Catalan Republic",673157251,142,84,48,70,19,50,37,95,56310,70,111660,79,395,89,295,89,2955.714285714286,50,0,78,0,78,550,92
"division_level",77,100,11,2,88263,"II.4",1904083,"Catalan Republic",673157251,142,28,48,27,19,24,37,29,56310,30,111660,30,395,29,295,29,2955.714285714286,18,0,24,0,24,550,30
"league_id",77,100,11,4,238810,"IV.20",1904084,"Cual F.C.",673159264,0,100,0,100,0,100,0,100,10600,100,296600,61,0,100,0,100,4812.75,0,0,79,0,79,26,98
"division_level",77,100,11,4,238810,"IV.20",1904084,"Cual F.C.",673159264,0,11,0,11,0,11,0,11,10600,11,296600,1,0,11,0,11,4812.75,0,0,11,0,11,26,11
"league_id",77,100,11,2,88263,"II.4",1904096,"Gladiador FC",673157251,278,26,59,50,18,55,165,17,829070,27,2843700,25,775,26,660,25,3049.8,40,0,80,0,80,881,27
"division_level",77,100,11,2,88263,"II.4",1904096,"Gladiador FC",673157251,278,18,59,23,18,25,165,9,829070,18,2843700,17,775,17,660,16,3049.8,14,0,25,0,25,881,19
"league_id",77,100,11,2,88260,"II.1",1904106,"COBRAS",673157080,231,42,70,33,23,31,92,48,515160,36,2154620,26,740,29,550,35,3370.3809523809523,16,0,81,0,81,814,35
"division_level",77,100,11,2,88260,"II.1",1904106,"COBRAS",673157080,231,23,70,20,23,20,92,22,515160,24,2154620,18,740,19,550,21,3370.3809523809523,4,0,26,0,26,814,24
"league_id",77,100,11,2,88262,"II.3",1904117,"Ostuni International",673157192,214,48,48,71,29,21,79,55,374800,43,1463820,33,595,48,430,59,4150.678571428572,3,0,82,0,82,776,44
"division_level",77,100,11,2,88262,"II.3",1904117,"Ostuni International",673157192,214,25,48,28,29,15,79,24,374800,27,1463820,21,595,25,430,26,4150.678571428572,0,0,27,0,27,776,27
"league_id",77,100,11,3,88307,"III.16",1904127,"les11salopards",673158146,174,66,58,54,17,61,65,73,35720,80,74640,100,505,66,430,60,2645.5714285714284,89,0,83,0,83,658,73
"division_level",77,100,11,3,88307,"III.16",1904127,"les11salopards",673158146,174,28,58,18,17,25,65,33,35720,33,74640,49,505,26,430,23,2645.5714285714284,42,0,36,0,36,658,30
"league_id",77,100,11,3,88304,"III.13",1904134,"Paul-Vasos",673157979,211,50,69,35,19,51,85,51,210600,52,1492780,32,700,33,575,30,3834.576923076923,4,3,2,1,12,758,48
"division_level",77,100,11,3,88304,"III.13",1904134,"Paul-Vasos",673157979,211,15,69,5,19,18,85,19,210600,16,1492780,4,700,4,575,3,3834.576923076923,1,3,2,1,8,758,13
"league_id",77,100,11,3,88295,"III.4",1904136,"FC Babosa",673157474,208,53,57,55,24,29,79,56,109180,60,294620,62,580,54,510,43,2782.0666666666666,74,0,84,0,84,709,58
"division_level",77,100,11,3,88295,"III.4",1904136,"FC Babosa",673157474,208,18,57,19,24,3,79,22,109180,22,294620,22,580,18,510,11,2782.0666666666666,34,0,37,0,37,709,21
"league_id",77,100,11,3,88305,"III.14",1904140,"Estudiabantes F.C",673158034,145,81,44,79,14,73,59,83,45870,74,110420,80,425,83,325,83,2690.4347826086955,83,0,85,0,85,603,81
"division_level",77,100,11,3,88305,"III.14",1904140,"Estudiabantes F.C",673158034,145,37,44,33,14,35,59,39,45870,29,110420,33,425,38,325,37,2690.4347826086955,39,0,38,0,38,603,35
"league_id",77,100,11,3,88299,"III.8",1904152,"Tutila",673157698,185,61,67,38,18,56,64,74,32770,84,100920,85,490,69,375,71,3007,41,0,86,0,86,636,78
"division_level",77,100,11,3,88299,"III.8",1904152,"Tutila",673157698,185,23,67,7,18,21,64,34,32770,37,100920,36,490,28,375,29,3007,16,0,39,0,39,636,33
"league_id",77,100,11,2,88262,"II.3",1904156,"Bacuta CF",673157193,280,25,97,16,27,25,102,40,628020,30,1100000,41,1015,10,815,10,3666.8333333333335,8,0,87,0,87,880,28
"division_level",77,100,11,2,88262,"II.3",1904156,"Bacuta CF",673157193,280,17,97,8,27,17,102,20,628020,20,1100000,25,1015,5,815,5,3666.8333333333335,2,0,28,0,28,880,20
"league_id",77,100,11,3,88306,"III.15",1904157,"Salva-GHC",673158091,116,97,34,91,13,80,43,94,19360,96,75800,97,325,95,255,94,2901.5789473684213,57,0,88,0,88,552,91
"division_level",77,100,11,3,88306,"III.15",1904157,"Salva-GHC",673158091,116,49,34,43,13,38,43,47,19360,46,75800,46,325,47,255,46,2901.5789473684213,23,0,40,0,40,552,43
"league_id",77,100,11,2,88262,"II.3",1904163,"Piratas del Sil",673157192,355,16,65,40,35,13,185,4,871110,26,1599560,31,775,27,595,28,2717.1,82,0,89,0,89,925,23
"division_level",77,100,11,2,88262,"II.3",1904163,"Piratas del Sil",673157192,355,9,65,21,35,10,185,3,871110,17,1599560,20,775,18,595,18,2717.1,26,0,29,0,29,925,16
"league_id",77,100,11,3,88296,"III.5",1904172,"superjodu salvador satellite team",673157531,274,29,93,19,28,23,97,43,512360,37,1405720,34,800,25,680,24,2837.6470588235293,66,1,13,1,13,875,29
"division_level",77,100,11,3,88296,"III.5",1904172,"superjodu salvador satellite team",673157531,274,2,93,1,28,0,97,14,512360,5,1405720,5,800,1,680,1,2837.6470588235293,28,1,9,1,9,875,1
"league_id",77,100,11,3,88299,"III.8",1904195,"IagoPatrick",673157699,278,27,44,80,18,57,180,9,264060,49,1274400,38,665,36,470,48,3399.5142857142855,15,0,90,0,90,825,33
"division_level",77,100,11,3,88299,"III.8",1904195,"IagoPatrick",673157699,278,1,44,34,18,22,180,0,264060,14,1274400,8,665,5,470,16,3399.5142857142855,6,0,41,0,41,825,3
"league_id",77,100,11,3,88298,"III.7",1904208,"La Paz FC",673157642,225,44,69,36,16,64,108,36,311060,44,647060,50,640,40,515,42,2963.5652173913045,47,0,91,0,91,742,52
"division_level",77,100,11,3,88298,"III.7",1904208,"La Paz FC",673157642,225,11,69,6,16,27,108,10,311060,9,647060,14,640,8,515,10,2963.5652173913045,19,0,42,0,42,742,16
"league_id",77,100,11,3,88305,"III.14",1904212,"Abismos",673158032,138,89,34,92,15,69,59,84,18770,97,74900,98,365,91,280,90,2903.2631578947367,56,0,92,0,92,547,94
"division_level",77,100,11,3,88305,"III.14",1904212,"Abismos",673158032,138,42,34,44,15,32,59,40,18770,47,74900,47,365,43,280,42,2903.2631578947367,22,0,43,0,43,547,45
"league_id",77,100,11,2,88261,"II.2",1904219,"PIP",673157137,134,91,63,43,13,81,32,97,591870,32,1126180,40,410,84,360,74,2844.25,65,0,93,0,93,988,13
"division_level",77,100,11,2,88261,"II.2",1904219,"PIP",673157137,134,29,63,22,13,27,32,30,591870,22,1126180,24,410,28,360,27,2844.25,24,0,30,0,30,988,7
"league_id",77,100,11,3,88304,"III.13",1904220,"Alianza F.C. -1958",673157978,190,59,46,74,17,62,93,47,28950,86,196320,69,520,63,415,63,3168.133333333333,25,0,94,0,94,753,50
"division_level",77,100,11,3,88304,"III.13",1904220,"Alianza F.C. -1958",673157978,190,21,46,29,17,26,93,17,28950,39,196320,27,520,25,415,26,3168.133333333333,9,0,44,0,44,753,15
"league_id",77,100,11,3,88307,"III.16",1904225,"Azul_FC",673158145,211,51,34,93,18,58,123,33,85010,64,211800,66,505,67,380,68,2473.962962962963,99,0,95,0,95,673,65
"division_level",77,100,11,3,88307,"III.16",1904225,"Azul_FC",673158145,211,16,34,45,18,23,123,8,85010,25,211800,25,505,27,380,28,2473.962962962963,48,0,45,0,45,673,25
"league_id",77,100,11,3,88300,"III.9",1904249,"Cojutepeque Team F. C.",673157755,188,60,63,44,21,37,62,77,113080,59,261420,63,590,52,525,40,2750.76,77,0,96,0,96,693,60
"division_level",77,100,11,3,88300,"III.9",1904249,"Cojutepeque Team F. C.",673157755,188,22,63,11,21,6,62,35,113080,21,261420,23,590,17,525,8,2750.76,35,0,46,0,46,693,22
"league_id",77,100,11,3,88304,"III.13",1904251,"SilaHope",673157979,118,96,39,85,11,90,46,91,18400,98,77300,94,335,94,270,92,2913.4736842105262,54,0,97,0,97,550,93
"division_level",77,100,11,3,88304,"III.13",1904251,"SilaHope",673157979,118,48,39,38,11,46,46,44,18400,48,77300,43,335,46,270,44,2913.4736842105262,21,0,47,0,47,550,44
"league_id",77,100,11,3,88307,"III.16",1904252,"Can Avis Internacional",673158147,217,46,64,41,25,26,78,58,171650,54,542080,52,770,28,610,27,2913.9032258064517,53,0,98,0,98,791,41
"division_level",77,100,11,3,88307,"III.16",1904252,"Can Avis Internacional",673158147,217,13,64,9,25,2,78,24,171650,18,542080,15,770,2,610,2,2913.9032258064517,20,0,48,0,48,791,7
"league_id",77,100,11,3,88294,"III.3",1904259,"Santanita",673157418,177,65,64,42,10,92,83,52,181400,53,448840,55,525,62,505,44,3093.885714285714,30,0,99,0,99,684,63
"division_level",77,100,11,3,88294,"III.3",1904259,"Santanita",673157418,177,27,64,10,10,47,83,20,181400,17,448840,17,525,24,505,12,3093.885714285714,11,0,49,0,49,684,23
"league_id",77,100,11,1,88256,"Liga Mayor",1904272,"Los Cernícalos Lucenses",673157026,251,35,36,88,11,91,182,7,171060,55,693400,48,615,44,440,54,2501.8888888888887,96,0,100,0,100,741,53
"division_level",77,100,11,1,88256,"Liga Mayor",1904272,"Los Cernícalos Lucenses",673157026,251,7,36,7,11,7,182,2,171060,7,693400,7,615,7,440,7,2501.8888888888887,7,0,7,0,7,741,7
